title,count,percentage
Senior Engineer,25916,35.7669270473929725
Senior Staff,24926,34.4006182892158216
Engineer,9285,12.8143200198735819
Staff,7636,10.5385188661017417
Technique Leader,3603,4.9725358138507825
Assistant Engineer,1090,1.5043197438516106
Manager,2,0.00276021971348919374
